,0
0,ABT
1,VRTU
2,INDB
3,TKR
4,PMT
5,VOCS
6,NOV
7,PRXL
8,REN
9,IVAC
10,NATL
11,IIVI
12,NUS
13,NBS
14,IBM
15,BRT
16,THLD
17,FANG
18,EVER
19,CALM
20,HOFT
21,KHC
22,IFF
23,OPK
24,BKYF
25,AFL
26,FFG
27,STML
28,AMBC
29,LBMH
30,COWN
31,JDSU
32,WWE
33,MKC
34,TNAV
35,WRE
36,LLEN
37,ZNGA
38,PCAR
39,SYBT
40,CSE
41,MEAS
42,AAWW
43,WGO
44,ALOG
45,KR
46,ULTR
47,AGII
48,DNR
49,ARUN
50,TWER
51,CEMP
52,TTPH
53,WAC
54,BJRI
55,FRP
56,CBU
57,LLTC
58,ISH
59,BBT
60,MANH
61,IQNT
62,UNF
63,SBSI
64,NFBK
65,ANCX
66,CVO
67,III
68,SRDX
69,TNK
70,FMD
71,LAMR
72,JRN
73,MBUU
74,HNR
75,NSM
76,RGLD
77,APOL
78,REXR
79,CNW
80,MXIM
81,EHTH
82,IPHI
83,RT
84,ENV
85,CRRS
86,EEFT
87,CECO
88,WTBA
89,CBR
90,SZYM
91,TJX
92,FIVN
93,CNA
94,GNMK
95,CDI
96,FDUS
97,GY
98,BRKR
99,FTR
100,PNFP
101,ACHN
102,SENEA
103,TPH
104,FBC
105,MRO
106,PETX
107,TECUA
108,DDD
109,CUB
110,PLPC
111,TTWO
112,QTS
113,GGP
114,CFNL
115,CFFI
116,LCI
117,GEOS
118,IRG
119,TEX
120,PRE
121,HTBI
122,LYTS
123,REMY
124,SPAR
125,CTRN
126,DHT
127,TTS
128,HW
129,AA
130,PAYC
131,ANV
132,SLRC
133,BAGL
134,MPO
135,SAFT
136,IMPV
137,CUR
138,BG
139,GNW
140,HCCI
141,CSU
142,ESI
143,CDE
144,VSAR
145,BURL
146,MOV
147,YRCW
148,UBA
149,FNHC
150,ZQK
151,LEN
152,ODFL
153,AVP
154,WLL
155,HXL
156,SBH
157,XRM
158,BWC
159,SEMG
160,MIND
161,RAVN
162,TCPC
163,SAMG
164,DWA
165,SUN
166,SSYS
167,KW
168,WR
169,PDM
170,WSBF
171,GAS
172,BLOX
173,FXEN
174,NOR
175,TGI
176,MDRX
177,VOXX
178,FARM
179,HOG
180,BKCC
181,HUM
182,TRI
183,EXAS
184,ADS
185,CPE
186,UTX
187,SPRT
188,THRX
189,CTCT
190,ROK
191,ARRY
192,AMTG
193,LWAY
194,KFY
195,ZBH
196,CATY
197,SCCO
198,QNST
199,CRL
200,GSOL
201,EDR
202,COLB
203,UPS
204,FWRD
205,HCKT
206,CYNO
207,PROV
208,TXI
209,INSM
210,LXFT
211,RSTI
212,IMMU
213,RAX
214,KEM
215,JONE
216,SATS
217,FHN
218,THO
219,RPXC
220,EVRY
221,DFZ
222,BRO
223,XRX
224,MSFT
225,DAKT
226,ISLE
227,DOV
228,HNH
229,XXIA
230,ASGN
231,BRK_B
232,ATRO
233,MTB
234,PDLI
235,KND
236,CELG
237,MRIN
238,Y
239,PQ
240,SRCE
241,APC
242,NC
243,PFSI
244,EXL
245,VSI
246,AIQ
247,UFPI
248,RPRX
249,ALGN
250,ATK
251,CR
252,SWSH
253,BCOR
254,AEGN
255,EPM
256,PEB
257,BEE
258,MACK
259,NNBR
260,STI
261,LPSN
262,ULTI
263,CBL
264,MCBC
265,NVEC
266,SPWR
267,NYCB
268,RF
269,IFT
270,USPH
271,COR
272,UCTT
273,SEIC
274,VMEM
275,CPLA
276,MCK
277,AFG
278,BKW
279,HUB_B
280,KRC
281,MASI
282,CTRL
283,HSH
284,WIN
285,TQNT
286,NSIT
287,UFCS
288,Z
289,EME
290,INGN
291,OAS
292,ATU
293,CNOB
294,AXP
295,PJC
296,LEA
297,UNS
298,RTI
299,RPTP
300,CLI
301,OPEN
302,BIIB
303,AIRM
304,SFLY
305,LB
306,MSCI
307,MG
308,ARX
309,TUMI
310,WSBC
311,BPTH
312,MPAA
313,LAD
314,NAVG
315,RHP
316,MLNK
317,MINI
318,WAGE
319,EGOV
320,BPFH
321,ENT
322,HUN
323,JNY
324,DLB
325,FIVE
326,GOGO
327,QCOM
328,FAF
329,STRL
330,ACRE
331,NI
332,CNVR
333,IDT
334,BKS
335,DV
336,FRT
337,HPP
338,VNO
339,DSW
340,DBD
341,DYAX
342,ARIA
343,WFM
344,XOM
345,FCBC
346,DEI
347,PHH
348,XON
349,AFH
350,PHM
351,BLX
352,COUP
353,GMT
354,CYN
355,CPB
356,GRC
357,GSM
358,ESC
359,SAAS
360,TER
361,BAX
362,OEH
363,ACGL
364,ONTY
365,THG
366,DXLG
367,AMBA
368,KIN
369,CHD
370,SNHY
371,STCK
372,PII
373,CPF
374,BHI
375,BPOP
376,SVVC
377,NVDA
378,CBM
379,CCL
380,AAON
381,PFIS
382,APD
383,DK
384,HOLX
385,HLF
386,GWRE
387,CBF
388,NRCIA
389,SNMX
390,VRNS
391,FTI
392,AEP
393,BUSE
394,HBHC
395,CE
396,IL
397,CFR
398,BBGI
399,PHMD
400,VRX
401,TTEC
402,NXTM
403,TSN
404,AAP
405,BHLB
406,OCR
407,RL
408,OTTR
409,JAKK
410,AVIV
411,O
412,ENDP
413,TAL
414,RGC
415,BEAM
416,MSO
417,IRM
418,TAX
419,IRET
420,HTS
421,LFUS
422,SPWH
423,TSC
424,GLDD
425,ERIE
426,EXLS
427,ACHC
428,ABCB
429,RYL
430,MDCI
431,RALY
432,STAR
433,CACB
434,EE
435,WBCO
436,PICO
437,CAKE
438,FB
439,MAS
440,MTD
441,TCS
442,HI
443,RKT
444,PERI
445,OI
446,FRGI
447,LXU
448,OSTK
449,K
450,BDX
451,CALD
452,ETR
453,NRZ
454,TSS
455,IOSP
456,ZEUS
457,SSI
458,HOT
459,MORN
460,AFSI
461,CVX
462,SLAB
463,PVA
464,VRNT
465,SNPS
466,AMRS
467,DAR
468,EDIG
469,ORBC
470,RRD
471,CTB
472,MCRI
473,STBA
474,CTAS
475,WLTW
476,CYTX
477,LGND
478,EVC
479,HSP
480,HDNG
481,PFIE
482,CMG
483,URI
484,OVTI
485,TRUE
486,DAL
487,REG
488,SWM
489,COP
490,POWL
491,SFNC
492,AMAG
493,ESRX
494,PNRA
495,TRIV
496,NILE
497,UNTD
498,SYK
499,MOG_A
500,ERA
501,VIAB
502,TWX
503,BV
504,AUXL
505,CALX
506,FIBK
507,XOOM
508,ACCO
509,QEP
510,AME
511,CYTR
512,LH
513,AKS
514,WBS
515,ARCB
516,VC
517,WGL
518,HURN
519,RDI
520,ANR
521,JNJ
522,CYS
523,PLD
524,EPL
525,INT
526,SIRI
527,MAIN
528,ZION
529,EXTR
530,UBSH
531,SWX
532,KNL
533,GTY
534,TCO
535,CENX
536,FSGI
537,SIGA
538,VRTS
539,SCLN
540,ALIM
541,MOS
542,UEIC
543,BFAM
544,GPOR
545,PFPT
546,HCP
547,FLXN
548,ACI
549,DOOR
550,PRFT
551,EPAM
552,FR
553,LXRX
554,AFOP
555,CLH
556,SP
557,ARCW
558,IIIN
559,NM
560,LKFN
561,AMSG
562,IP
563,ASBC
564,TNDM
565,ELX
566,BLDR
567,BOBE
568,HAFC
569,APEI
570,DCOM
571,SO
572,CNK
573,CWT
574,HSIC
575,MRTX
576,SYNA
577,IDTI
578,EV
579,WMGI
580,AHH
581,LUV
582,ECYT
583,NEOG
584,HTZ
585,TAP
586,RRTS
587,GLT
588,UNT
589,BTU
590,USAP
591,WWW
592,CVS
593,FRED
594,ARE
595,MCO
596,SWKS
597,PMC
598,PKY
599,RPT
600,NANO
601,NR
602,CGNX
603,AXS
604,NPBC
605,MBVT
606,CHCO
607,SEAC
608,ALDR
609,AMD
610,AIV
611,SHOS
612,FBNK
613,QLGC
614,CWH
615,WTW
616,AMZN
617,NUE
618,TMHC
619,QUAD
620,KELYA
621,ARCC
622,ALL
623,IART
624,LRN
625,FLIR
626,BOOM
627,CAB
628,AXDX
629,TOL
630,DCO
631,WEX
632,SYNT
633,LBTYA
634,WRES
635,C
636,CRZO
637,LZB
638,PLL
639,LLY
640,ALCO
641,RUTH
642,TRGP
643,LNKD
644,SCVL
645,SUP
646,AIN
647,BIOS
648,PETM
649,NBIX
650,HIVE
651,AKR
652,CUNB
653,HON
654,HRS
655,RSPP
656,DCI
657,BWS
658,CCI
659,FDP
660,SYRG
661,ACTG
662,ZIOP
663,MATX
664,CRK
665,IRDM
666,WRB
667,DDR
668,BIDU
669,JKHY
670,PCTI
671,TZOO
672,SAPE
673,TR
674,PTGI
675,CODE
676,CHS
677,ALLE
678,RWT
679,GME
680,TTC
681,VRSK
682,PL
683,IACI
684,SUSQ
685,PH
686,SCG
687,RSYS
688,SBCF
689,HELE
690,RJET
691,ORM
692,MCP
693,SQBG
694,TSCO
695,AMZG
696,BNCN
697,VMW
698,PGC
699,PTX
700,CYH
701,TGE
702,GRA
703,TXT
704,KMT
705,SPW
706,PCTY
707,CMP
708,V
709,WHG
710,FBP
711,TESO
712,NES
713,WLK
714,COB
715,CNQR
716,FMI
717,ZBRA
718,NHC
719,JBSS
720,VIVO
721,AXE
722,BBW
723,HTH
724,CCXI
725,ISRL
726,HE
727,ZTS
728,CTIC
729,EGLT
730,SQI
731,HZO
732,AMCX
733,BIO
734,MDC
735,GSAT
736,RNET
737,IBTX
738,MPW
739,PEG
740,CAP
741,QLTY
742,CSH
743,QCOR
744,DRII
745,KYTH
746,SYX
747,KCG
748,RNDY
749,NATI
750,RPM
751,HILL
752,EBS
753,VMI
754,NEM
755,AVHI
756,ADVS
757,HIG
758,LNC
759,BXP
760,NWBI
761,WD
762,NSR
763,CASS
764,CFX
765,LNT
766,XCO
767,AET
768,GRIF
769,TTGT
770,GBCI
771,CRIS
772,STE
773,OC
774,FFBC
775,HEAR
776,JBT
777,SNAK
778,PLMT
779,WTSL
780,KEG
781,AEIS
782,CHK
783,ARW
784,ITRI
785,HBNC
786,AIG
787,POOL
788,LOGM
789,GFN
790,STT
791,GMO
792,P
793,SKX
794,BH
795,EGAN
796,ES
797,VNTV
798,ACXM
799,WSR
800,PLCM
801,CSBK
802,ANTM
803,CNL
804,NFG
805,AMC
806,KMG
807,MEIP
808,EMR
809,RHT
810,SGI
811,CAC
812,IMMR
813,HEOP
814,AMCC
815,WCC
816,DECK
817,SWK
818,SXT
819,ANH
820,PAG
821,ADBE
822,SUPX
823,BFIN
824,ABG
825,WHR
826,FST
827,CORE
828,MDCO
829,DSPG
830,RRC
831,IVC
832,MU
833,SCS
834,EOG
835,PCG
836,WTS
837,XNCR
838,CBSH
839,SASR
840,HWKN
841,ACOR
842,GTLS
843,KBALB
844,HGG
845,VGR
846,RP
847,GLW
848,HVB
849,UTHR
850,ATHN
851,ABCO
852,IEX
853,DRTX
854,BMR
855,CDR
856,MRK
857,BHE
858,GBNK
859,LPNT
860,EXXI
861,CTBI
862,WBA
863,CSFL
864,XL
865,HMN
866,AVNW
867,BLKB
868,AON
869,ONNN
870,ARTNA
871,BDGE
872,G
873,WABC
874,SUNE
875,SNH
876,PLPM
877,CWEI
878,KAI
879,VECO
880,KFX
881,FRO
882,TESS
883,INGR
884,CRMT
885,GHM
886,GIFI
887,LLNW
888,ALG
889,NOW
890,QADA
891,ALXN
892,CETV
893,ROVI
894,AVID
895,XNPT
896,KMPR
897,ABFS
898,AMGN
899,MSG
900,SCOR
901,HCBK
902,BDN
903,GGG
904,CBEY
905,GPC
906,APH
907,BEAT
908,TROW
909,CVGW
910,NATH
911,PSUN
912,ETM
913,PRIM
914,CI
915,MYE
916,NTRS
917,ANIP
918,COF
919,FAST
920,PBI
921,MNST
922,AES
923,HALL
924,MMSI
925,NIHD
926,PTSI
927,VTNR
928,CCK
929,FCH
930,RLJ
931,VOD
932,FOXA
933,BGG
934,HAR
935,PLXS
936,ORN
937,RLOC
938,TXTR
939,ANSS
940,BXLT
941,CLD
942,ITG
943,TE
944,AT
945,END
946,FPO
947,PRAA
948,UTMD
949,SAH
950,SCSS
951,LEAF
952,OFLX
953,JCP
954,SF
955,FDML
956,FLIC
957,SKYW
958,BBX
959,GST
960,SMTC
961,FL
962,COHU
963,CRD_B
964,IVZ
965,PRO
966,JCOM
967,EPZM
968,GBL
969,MLI
970,VDSI
971,HRG
972,CEB
973,TRC
974,SRI
975,MBII
976,RVLT
977,IMKTA
978,NADL
979,PRSC
980,KORS
981,IPAR
982,PEGA
983,DNKN
984,DIN
985,SSP
986,TTI
987,ECPG
988,CIE
989,CBPX
990,BLT
991,Q
992,AVX
993,SEAS
994,PFMT
995,FCS
996,CPRT
997,KRNY
998,CRWN
999,ESSA
1000,VTL
1001,SYY
1002,BCEI
1003,TREC
1004,HITK
1005,PSEC
1006,AMT
1007,SCBT
1008,RTIX
1009,BKD
1010,TPRE
1011,CFN
1012,OMI
1013,LPX
1014,DY
1015,LXK
1016,TUP
1017,EDE
1018,HMPR
1019,FMER
1020,PXD
1021,CSC
1022,AEC
1023,GPRE
1024,SCHL
1025,LANC
1026,MOFG
1027,KAMN
1028,ADTN
1029,KAR
1030,MAC
1031,OXM
1032,RTEC
1033,BDSI
1034,FURX
1035,CACC
1036,AZZ
1037,PKE
1038,PZN
1039,SUPN
1040,BERY
1041,CGI
1042,MC
1043,LION
1044,PCRX
1045,APAGF
1046,IDIX
1047,RTK
1048,CUBI
1049,LII
1050,RDN
1051,SIAL
1052,TEG
1053,GSBD
1054,BAGR
1055,OSIS
1056,SJW
1057,TWTR
1058,STL
1059,HMHC
1060,SKUL
1061,GBLI
1062,ICE
1063,MITK
1064,FSLR
1065,HTLD
1066,NWBO
1067,INN
1068,MIDD
1069,DELL
1070,NCS
1071,SD
1072,UNP
1073,YUME
1074,NPSP
1075,UVE
1076,CSRA
1077,BBG
1078,UHT
1079,GDP
1080,CA
1081,DISCA
1082,FDX
1083,LE
1084,STAA
1085,REGI
1086,PSX
1087,RELL
1088,KMI
1089,RSE
1090,RXN
1091,TDW
1092,AGCO
1093,BHB
1094,NLNK
1095,QLYS
1096,WDAY
1097,DUK
1098,DYN
1099,EOX
1100,MCRS
1101,LKQ
1102,TRST
1103,ANN
1104,BBNK
1105,DAN
1106,NAT
1107,LCUT
1108,NJR
1109,ISCA
1110,FFIV
1111,EOPN
1112,LEE
1113,LNDC
1114,MHLD
1115,FDEF
1116,STAG
1117,MTRN
1118,KIRK
1119,MWV
1120,CHDN
1121,MYL
1122,OFC
1123,RYN
1124,ATRI
1125,FXCM
1126,FSC
1127,AIMC
1128,ITMN
1129,NTAP
1130,PCYG
1131,RGLS
1132,TECH
1133,CACQ
1134,CLNY
1135,KIM
1136,TITN
1137,IPG
1138,F
1139,RATE
1140,CORT
1141,MYRG
1142,PCP
1143,UTL
1144,INFN
1145,PRLB
1146,FFKT
1147,SUSS
1148,HITT
1149,CL
1150,GLUU
1151,PBCT
1152,BOLT
1153,WFC
1154,NHI
1155,FET
1156,GMED
1157,GPX
1158,CNBKA
1159,OGE
1160,SWAY
1161,ANAT
1162,NBHC
1163,UAL
1164,IMGN
1165,KRA
1166,GTN
1167,RCKB
1168,AXL
1169,HAE
1170,CSCD
1171,PZZA
1172,VCRA
1173,AAOI
1174,CRRC
1175,ESE
1176,TCBI
1177,ICPT
1178,HTLF
1179,TIBX
1180,BNFT
1181,ESV
1182,IBP
1183,SWY
1184,HIW
1185,DHI
1186,NLS
1187,PSIX
1188,WTI
1189,BXS
1190,INWK
1191,CBG
1192,KRO
1193,ACAS
1194,CPSS
1195,GLAD
1196,DLLR
1197,SDRL
1198,EVTC
1199,UFS
1200,ANGO
1201,GTS
1202,PKD
1203,EAT
1204,CTWS
1205,HNT
1206,WFD
1207,IGT
1208,GNE
1209,HRTX
1210,FFIN
1211,AREX
1212,KOPN
1213,TASR
1214,MRC
1215,CMRX
1216,ANGI
1217,DENN
1218,SBRA
1219,WSFS
1220,NICK
1221,RLYP
1222,EGL
1223,AKAM
1224,IO
1225,CORR
1226,ETH
1227,HEI
1228,OCN
1229,PLUS
1230,GXP
1231,KNX
1232,ARG
1233,MTOR
1234,AYR
1235,MWIV
1236,GNRC
1237,CFFN
1238,RNWK
1239,JPM
1240,CUI
1241,NEWM
1242,BBOX
1243,ANIK
1244,ASC
1245,CIM
1246,KWK
1247,CUZ
1248,MMS
1249,AMG
1250,MSCC
1251,NGPC
1252,LLL
1253,VPRT
1254,ARTC
1255,CMS
1256,EGN
1257,AMSC
1258,HWCC
1259,MPWR
1260,FLO
1261,LOCK
1262,HIFS
1263,IDCC
1264,AMRE
1265,MAR
1266,GRUB
1267,XCRA
1268,MED
1269,FF
1270,JMBA
1271,CREE
1272,NPTN
1273,NFLX
1274,WYNN
1275,DEPO
1276,SAVE
1277,WU
1278,BONT
1279,UFI
1280,MCHP
1281,BYD
1282,JEC
1283,AVAV
1284,SFBS
1285,ALEX
1286,CTSH
1287,MANT
1288,ALSN
1289,TSLA
1290,NBL
1291,LVLT
1292,GCI
1293,TAT
1294,TMH
1295,BEBE
1296,DRL
1297,USCR
1298,MGI
1299,SIG
1300,OSK
1301,MA
1302,GALE
1303,PACW
1304,REIS
1305,PNK
1306,FNF
1307,FII
1308,NEWP
1309,PENX
1310,X
1311,AWK
1312,MEG
1313,CARA
1314,FCSC
1315,RDNT
1316,REX
1317,INTL
1318,EXAR
1319,TWTC
1320,RVNC
1321,TRV
1322,SIX
1323,CIFC
1324,KRG
1325,CTG
1326,N
1327,DX
1328,KOS
1329,ADES
1330,PTEN
1331,NAVB
1332,BMRN
1333,WLH
1334,PFBC
1335,CHSP
1336,MMI
1337,VLO
1338,ASPS
1339,LINTA
1340,PRU
1341,KEYW
1342,WAIR
1343,CLUB
1344,VPFG
1345,EFX
1346,WNC
1347,MN
1348,NCLH
1349,NGVC
1350,SJI
1351,MSM
1352,CCG
1353,PLUG
1354,ISIL
1355,ESRT
1356,WAB
1357,LQ
1358,PZG
1359,IHC
1360,REXI
1361,ODP
1362,ESIO
1363,SM
1364,ACRX
1365,FBRC
1366,HMST
1367,CCRN
1368,HPY
1369,VTG
1370,STFC
1371,AOL
1372,HNI
1373,RCPT
1374,PBPB
1375,SJM
1376,SREV
1377,CSV
1378,METR
1379,ARWR
1380,ESPR
1381,WLT
1382,LSCC
1383,DRQ
1384,BBSI
1385,SWFT
1386,OMG
1387,AGN
1388,OPB
1389,TUES
1390,FLT
1391,ATRS
1392,CTRE
1393,ELLI
1394,UNFI
1395,NWY
1396,ININ
1397,NTCT
1398,PKI
1399,USNA
1400,LOW
1401,MDU
1402,MTG
1403,ATNI
1404,ESNT
1405,ROIAK
1406,PCYO
1407,ABM
1408,MDXG
1409,FCEL
1410,JBHT
1411,ORCL
1412,SWC
1413,WDFC
1414,AHS
1415,SPNS
1416,VVUS
1417,HRZN
1418,GPK
1419,ATSG
1420,LUK
1421,VOLC
1422,EQY
1423,DLX
1424,LNCE
1425,SNSS
1426,AKRX
1427,PEP
1428,PNR
1429,RESI
1430,FIS
1431,RNR
1432,TNGO
1433,HPE
1434,BANR
1435,CSX
1436,RCAP
1437,SEE
1438,KRFT
1439,RSG
1440,NEU
1441,DD
1442,TXN
1443,KBR
1444,SIMG
1445,MDW
1446,FLR
1447,LYV
1448,SALM
1449,OVAS
1450,PYPL
1451,RVBD
1452,JW_A
1453,NLY
1454,FLTX
1455,CST
1456,COG
1457,FLS
1458,NGHC
1459,LHCG
1460,TWIN
1461,FUL
1462,DO
1463,VITC
1464,LUB
1465,VICR
1466,DST
1467,BDC
1468,LXP
1469,GBDC
1470,PFLT
1471,POZN
1472,EWBC
1473,GABC
1474,AEPI
1475,DEL
1476,LCNB
1477,GOOG
1478,KSU
1479,MUSA
1480,KALU
1481,MGAM
1482,SGYP
1483,A
1484,BRK_A
1485,BLUE
1486,FSP
1487,MAT
1488,WPP
1489,SLG
1490,REGN
1491,VIAS
1492,BSFT
1493,COH
1494,RAIL
1495,NNA
1496,FMC
1497,CVI
1498,EDMC
1499,NKTR
1500,PGR
1501,LIOX
1502,SAIC
1503,SIRO
1504,COV
1505,GSVC
1506,BBCN
1507,KKD
1508,UBSI
1509,UIHC
1510,HHS
1511,HTA
1512,RENT
1513,ATR
1514,CERN
1515,RIG
1516,SBAC
1517,SYA
1518,GD
1519,MHR
1520,PNX
1521,DKS
1522,PPC
1523,FTD
1524,ZGNX
1525,PWOD
1526,CDNS
1527,AAT
1528,GIMO
1529,SHW
1530,XLRN
1531,ARNA
1532,DXM
1533,SONC
1534,RBC
1535,FPRX
1536,MYGN
1537,LMIA
1538,IBOC
1539,SB
1540,OSIR
1541,NMFC
1542,CONE
1543,SFXE
1544,BWLD
1545,SZMK
1546,BMRC
1547,TBI
1548,PMFG
1549,MTZ
1550,OPLK
1551,PBH
1552,ADMS
1553,AMRI
1554,OWW
1555,FOX
1556,ODC
1557,GLRI
1558,GTIV
1559,NCMI
1560,DNDN
1561,PHX
1562,PVTB
1563,DE
1564,TDC
1565,TNET
1566,VAL
1567,CMCO
1568,VSEC
1569,LG
1570,HRL
1571,MBWM
1572,UBNT
1573,BPI
1574,CHFN
1575,RARE
1576,SHLM
1577,HBCP
1578,HY
1579,ACN
1580,FORM
1581,GIS
1582,CLC
1583,CVBF
1584,COCO
1585,TREX
1586,DDS
1587,MITT
1588,ZEN
1589,DRIV
1590,MCS
1591,NBR
1592,MUR
1593,BGFV
1594,NSC
1595,VSAT
1596,ADI
1597,HALO
1598,GNCA
1599,MGNX
1600,TILE
1601,BID
1602,PGI
1603,HLS
1604,AGEN
1605,OXFD
1606,CY
1607,TWMC
1608,DOX
1609,REV
1610,WM
1611,SYUT
1612,HUBG
1613,BANF
1614,NTGR
1615,TISI
1616,CRCM
1617,CYBX
1618,HWAY
1619,CRI
1620,INTU
1621,WMC
1622,BAC
1623,AHP
1624,CBI
1625,CLW
1626,TRIP
1627,RMBS
1628,FIO
1629,ADM
1630,BRKS
1631,VPG
1632,ATEN
1633,MHGC
1634,PTLA
1635,RSO
1636,TG
1637,WTM
1638,IG
1639,MIG
1640,MDSO
1641,MRH
1642,RAI
1643,CBRL
1644,TRN
1645,UAM
1646,MIL
1647,GERN
1648,ZIGO
1649,DVA
1650,BMTC
1651,ACFN
1652,DHR
1653,SSS
1654,IDRA
1655,PRI
1656,SPG
1657,AMKR
1658,TMO
1659,HAYN
1660,ROCK
1661,XLNX
1662,CSGP
1663,IBKR
1664,LGIH
1665,PX
1666,AGYS
1667,AMSWA
1668,AWR
1669,NRG
1670,SGA
1671,NCFT
1672,HERO
1673,HLX
1674,MLAB
1675,XXII
1676,FIZZ
1677,DMND
1678,MTX
1679,TWGP
1680,PGEM
1681,ISSI
1682,CBS
1683,TGTX
1684,CIR
1685,ROLL
1686,SRPT
1687,AE
1688,HSII
1689,AL
1690,GUID
1691,DORM
1692,AMED
1693,NL
1694,L
1695,ENTA
1696,EQT
1697,ACAD
1698,LIFE
1699,HNRG
1700,CNC
1701,MDT
1702,JGW
1703,THRM
1704,SPLK
1705,ECOM
1706,USMD
1707,CMI
1708,LABL
1709,CHUY
1710,ENZN
1711,PACR
1712,BFS
1713,ETN
1714,HEES
1715,THC
1716,RLGY
1717,NRIM
1718,MDP
1719,WMT
1720,AVB
1721,INO
1722,RTN
1723,TTMI
1724,APAM
1725,PKOH
1726,TXMD
1727,SPNC
1728,TFSL
1729,AAMC
1730,HTGC
1731,DIS
1732,IBCP
1733,XEL
1734,BSRR
1735,ALB
1736,RSH
1737,ATNM
1738,NDAQ
1739,WAT
1740,USG
1741,NGS
1742,SAM
1743,BDBD
1744,ROP
1745,MCF
1746,POWR
1747,ENVE
1748,JIVE
1749,NWL
1750,GWW
1751,PTRY
1752,RHI
1753,WYN
1754,CCO
1755,FRME
1756,SCTY
1757,OREX
1758,FORR
1759,AVEO
1760,FCX
1761,CINF
1762,CPA
1763,SYKE
1764,ZOES
1765,FRC
1766,ATML
1767,CLVS
1768,PEBO
1769,SFE
1770,RMTI
1771,FLXS
1772,FMBI
1773,CCE
1774,IHS
1775,NWSA
1776,PGNX
1777,SHEN
1778,INFI
1779,LORL
1780,EXP
1781,FNB
1782,WIRE
1783,KOP
1784,CLGX
1785,ICUI
1786,SKH
1787,REXX
1788,JNPR
1789,MDVN
1790,PPS
1791,PETS
1792,SEM
1793,ENTR
1794,TDY
1795,USLM
1796,SALT
1797,TWOU
1798,UNM
1799,BOFI
1800,CVD
1801,IRF
1802,COL
1803,BNNY
1804,KBH
1805,TFX
1806,HURC
1807,RM
1808,WAG
1809,FGL
1810,MOD
1811,ROST
1812,CIX
1813,EFII
1814,AGO
1815,ELRC
1816,GAIN
1817,URBN
1818,IDA
1819,JACK
1820,SYF
1821,MTDR
1822,DNB
1823,CONN
1824,GPN
1825,KS
1826,ONVO
1827,MODN
1828,MNKD
1829,PATR
1830,ERII
1831,CSII
1832,NE
1833,CMLS
1834,DFT
1835,MCY
1836,MILL
1837,OMCL
1838,SCHW
1839,FNGN
1840,BMI
1841,RECN
1842,GTT
1843,STR
1844,EXAC
1845,ELY
1846,BRC
1847,FULT
1848,CACI
1849,CBK
1850,FE
1851,KO
1852,PCBK
1853,UAA
1854,MLR
1855,DJCO
1856,ULTA
1857,VRSN
1858,BRCD
1859,DMD
1860,LYB
1861,GCAP
1862,IGTE
1863,SUBK
1864,HAL
1865,CKEC
1866,BTH
1867,ALK
1868,TPLM
1869,FTV
1870,NBTB
1871,BLK
1872,HASI
1873,EA
1874,FN
1875,EIX
1876,DWRE
1877,ALR
1878,DRE
1879,OMER
1880,USTR
1881,GB
1882,CBZ
1883,D
1884,PNNT
1885,TAST
1886,CAM
1887,ORA
1888,PFE
1889,VVI
1890,SNCR
1891,AMRC
1892,SHO
1893,BA
1894,JCI
1895,CENTA
1896,STX
1897,CXW
1898,INSY
1899,USM
1900,IVR
1901,ACO
1902,TK
1903,INFA
1904,ACC
1905,HII
1906,UMPQ
1907,DEST
1908,MDLZ
1909,WOOF
1910,NSTG
1911,HVT
1912,IPXL
1913,LM
1914,COTY
1915,ELS
1916,GIII
1917,ALKS
1918,XOMA
1919,AMTD
1920,HCSG
1921,OLP
1922,MATW
1923,TIF
1924,FISV
1925,HTCH
1926,TAYC
1927,CVEO
1928,FINL
1929,TGNA
1930,CPGX
1931,RAS
1932,HF
1933,NTRI
1934,AGM
1935,HOME
1936,CTT
1937,KVHI
1938,LAYN
1939,PTCT
1940,MMM
1941,VZ
1942,PNM
1943,EGY
1944,CPS
1945,PEGI
1946,CUBE
1947,PHIIK
1948,UPL
1949,CMTL
1950,CZR
1951,SE
1952,PEIX
1953,EPR
1954,MRVL
1955,PIR
1956,NETE
1957,TBBK
1958,VAC
1959,CRY
1960,JOUT
1961,FSL
1962,VMC
1963,ISRG
1964,BEN
1965,LL
1966,ARNC
1967,FNFG
1968,AVY
1969,FFIC
1970,SGEN
1971,CATM
1972,FLDM
1973,POM
1974,TSRO
1975,BF_B
1976,PCCC
1977,SGMO
1978,BBBY
1979,MSA
1980,CTXS
1981,FOE
1982,MD
1983,BIRT
1984,MVC
1985,FUR
1986,WMB
1987,CYT
1988,CHGG
1989,DAVE
1990,CAG
1991,CHFC
1992,DLPH
1993,HSTM
1994,GCO
1995,FOXF
1996,TTEK
1997,NVR
1998,PCL
1999,ASNA
2000,SSD
2001,BCO
2002,CYNI
2003,ACM
2004,JOY
2005,LBAI
2006,TGH
2007,XOXO
2008,FOR
2009,ICEL
2010,FRBK
2011,FRSH
2012,VOYA
2013,BCC
2014,CZNC
2015,XYL
2016,EXEL
2017,TBPH
2018,VNCE
2019,CFNB
2020,AEGR
2021,MTGE
2022,NKSH
2023,MJN
2024,NEE
2025,WWWW
2026,BR
2027,CNP
2028,NMBL
2029,ACCL
2030,LQDT
2031,BDE
2032,TRXC
2033,AVT
2034,MDAS
2035,BSTC
2036,KPTI
2037,DGICA
2038,FLWS
2039,GDOT
2040,TRMB
2041,TW
2042,LMNX
2043,STNG
2044,CHEF
2045,OII
2046,IM
2047,AGIO
2048,GEVA
2049,GHL
2050,SNX
2051,AN
2052,LMOS
2053,RCL
2054,PNY
2055,TSYS
2056,VVC
2057,RAD
2058,EBIX
2059,ICGE
2060,CCNE
2061,WASH
2062,MKL
2063,EMC
2064,ILMN
2065,TWO
2066,HIBB
2067,UIL
2068,SHOR
2069,WLP
2070,MSI
2071,USAK
2072,CME
2073,UEC
2074,NP
2075,HES
2076,CNDO
2077,SSNC
2078,ARPI
2079,SAIA
2080,UBNK
2081,QTWO
2082,WST
2083,GM
2084,TEAR
2085,FRM
2086,GLOG
2087,HFC
2088,CMA
2089,SCI
2090,HST
2091,ESBF
2092,CJES
2093,MCC
2094,ORLY
2095,NDLS
2096,MHO
2097,PWR
2098,FCNCA
2099,QRHC
2100,CSWC
2101,IRWD
2102,AGX
2103,WSTC
2104,AZPN
2105,TFM
2106,FCN
2107,SHOO
2108,LOV
2109,TEL
2110,UVV
2111,HR
2112,PRKR
2113,BIOL
2114,ENOC
2115,MGEE
2116,ZINC
2117,BC
2118,CSCO
2119,RUSHA
2120,GTAT
2121,NUTR
2122,S
2123,NYRT
2124,LMNR
2125,SBGI
2126,MNTA
2127,DIOD
2128,UTIW
2129,LDRH
2130,MCD
2131,EBSB
2132,SN
2133,VLCCF
2134,RST
2135,FEIC
2136,SBNY
2137,DRNA
2138,SAFM
2139,GVA
2140,ZIXI
2141,SWS
2142,GOOD
2143,TSRE
2144,WTFC
2145,NEON
2146,MKTO
2147,AMBR
2148,CCC
2149,ENS
2150,SGM
2151,RGR
2152,RLD
2153,ARR
2154,ORB
2155,BKMU
2156,TRAK
2157,HPQ
2158,AEO
2159,FSS
2160,VVTV
2161,SNOW
2162,BREW
2163,SFL
2164,LBY
2165,LNN
2166,AAN
2167,CLDT
2168,COLM
2169,CVLT
2170,PDFS
2171,LINC
2172,CLMS
2173,PSA
2174,TIVO
2175,LSTR
2176,SALE
2177,BK
2178,PACB
2179,PSEM
2180,OUTR
2181,GT
2182,CHRW
2183,SNI
2184,BRS
2185,WY
2186,AERI
2187,CNX
2188,YHOO
2189,CNBC
2190,CSOD
2191,ESGR
2192,OMN
2193,PES
2194,KTOS
2195,VCYT
2196,FFBH
2197,IMN
2198,HTBK
2199,ANAC
2200,MS
2201,BRDR
2202,QLIK
2203,DVR
2204,CRM
2205,OGXI
2206,PM
2207,GRPN
2208,CTRX
2209,WWD
2210,BGCP
2211,SON
2212,MET
2213,R
2214,RPAI
2215,TIS
2216,MHFI
2217,STZ
2218,ELNK
2219,SNTA
2220,VG
2221,AOI
2222,RH
2223,LVS
2224,TRNX
2225,M
2226,SGK
2227,FITB
2228,MOVE
2229,HOMB
2230,ATVI
2231,STLD
2232,MM
2233,RES
2234,PKG
2235,MPX
2236,PCYC
2237,SPGI
2238,WAFD
2239,NSPH
2240,MSFG
2241,CMO
2242,LSI
2243,SQNM
2244,ARII
2245,ESCA
2246,AAL
2247,GSIG
2248,AHC
2249,ADUS
2250,IILG
2251,ADC
2252,CNO
2253,GHC
2254,FC
2255,ADT
2256,AMSF
2257,GARS
2258,SFG
2259,CHE
2260,CNS
2261,XLS
2262,CF
2263,GRT
2264,STNR
2265,RFMD
2266,LEG
2267,AXLL
2268,WCIC
2269,GOLD
2270,HLIT
2271,PRA
2272,SPF
2273,UCP
2274,BMS
2275,RE
2276,INTC
2277,THR
2278,GK
2279,IDXX
2280,FNSR
2281,SUI
2282,BGS
2283,GS
2284,WEN
2285,GTI
2286,FICO
2287,HP
2288,SCMP
2289,SWN
2290,TGT
2291,TRS
2292,OIS
2293,CAMP
2294,TYC
2295,ABC
2296,NUVA
2297,CIT
2298,TRGT
2299,MLM
2300,MBFI
2301,GCA
2302,STRA
2303,HME
2304,HK
2305,COHR
2306,RFP
2307,EXR
2308,KSS
2309,SEB
2310,FBIZ
2311,FXCB
2312,WERN
2313,TXRH
2314,NDSN
2315,NAVI
2316,AWI
2317,CUDA
2318,WSO
2319,DTLK
2320,SSNI
2321,TCB
2322,SXC
2323,CHKP
2324,WSTL
2325,CFI
2326,KFRC
2327,KMX
2328,SPDC
2329,JBLU
2330,ARSD
2331,SPR
2332,ADNC
2333,HL
2334,MNR
2335,CHH
2336,ITIC
2337,CXO
2338,PGTI
2339,ADSK
2340,FUBC
2341,TIPT
2342,AVD
2343,GMCR
2344,FUEL
2345,PRGX
2346,RRGB
2347,TRLA
2348,GES
2349,WSM
2350,GFF
2351,HOV
2352,RKUS
2353,CECE
2354,MXWL
2355,MNTX
2356,BWA
2357,RJF
2358,FSYS
2359,NCR
2360,UIS
2361,SPLS
2362,EXPR
2363,ANDE
2364,GSBC
2365,AI
2366,RCII
2367,CRAI
2368,NBCB
2369,AVG
2370,LNG
2371,HZNP
2372,RBCAA
2373,SRCL
2374,AVA
2375,DTSI
2376,ROC
2377,IRC
2378,HCOM
2379,STRZA
2380,MWW
2381,AP
2382,CSS
2383,CVA
2384,MW
2385,ATRC
2386,PLXT
2387,PFG
2388,CMCSK
2389,IXYS
2390,RS
2391,COST
2392,UTEK
2393,AIR
2394,OSUR
2395,SPA
2396,NAV
2397,DHIL
2398,CVCO
2399,ALX
2400,LECO
2401,PSMT
2402,ALJ
2403,JOE
2404,PANW
2405,SLXP
2406,BXC
2407,AFAM
2408,CPK
2409,LMT
2410,AMPE
2411,FSTR
2412,LTM
2413,WEC
2414,BRSS
2415,ATI
2416,HCN
2417,DMRC
2418,EW
2419,ENTG
2420,DTV
2421,BP
2422,BABY
2423,DOC
2424,CLF
2425,PLAB
2426,CCF
2427,EPIQ
2428,RTRX
2429,ALGT
2430,CKH
2431,VSH
2432,NMRX
2433,BYI
2434,HCI
2435,HAS
2436,GLRE
2437,DISH
2438,T
2439,ARC
2440,KLAC
2441,PPL
2442,OLBK
2443,CTO
2444,XRAY
2445,BZH
2446,DRC
2447,OFG
2448,PERY
2449,EZPW
2450,JBL
2451,DVN
2452,MAA
2453,MTSI
2454,STRT
2455,CROX
2456,AOS
2457,CHMG
2458,MTN
2459,GWR
2460,OCFC
2461,AJG
2462,TCAP
2463,NTK
2464,ADP
2465,EXC
2466,TDG
2467,UGI
2468,CSL
2469,DSCI
2470,AWAY
2471,SLCA
2472,DGAS
2473,PLOW
2474,VFC
2475,FBNC
2476,MBI
2477,AGNC
2478,ATNY
2479,ACE
2480,AAPL
2481,DGII
2482,WG
2483,CPHD
2484,SGMS
2485,FISI
2486,AXAS
2487,NKE
2488,ALTR
2489,ONE
2490,JNS
2491,ZLC
2492,SPB
2493,EXPE
2494,STJ
2495,GOOGL
2496,BALT
2497,MTH
2498,PVH
2499,SFY
2500,COBZ
2501,URS
2502,PBY
2503,LO
2504,STBZ
2505,HRTG
2506,BRKL
2507,LRCX
2508,WAL
2509,EROS
2510,DXPE
2511,UCFC
2512,NWPX
2513,TECD
2514,CLR
2515,ENR
2516,VHC
2517,APP
2518,ZMH
2519,WDR
2520,FIX
2521,FRAN
2522,ICFI
2523,SCL
2524,CBST
2525,WRK
2526,RGS
2527,SQBK
2528,TRK
2529,PRGO
2530,CVT
2531,GALT
2532,VAR
2533,DGI
2534,KEY
2535,HIIQ
2536,PBYI
2537,TWI
2538,RGA
2539,RGEN
2540,DF
2541,NPK
2542,CW
2543,ACET
2544,NASB
2545,TOWN
2546,VICL
2547,CLDX
2548,TCRD
2549,QUIK
2550,EFSC
2551,PAY
2552,PRGS
2553,WLB
2554,ZLTQ
2555,WPX
2556,IMI
2557,XEC
2558,BNCL
2559,ECHO
2560,IPCC
2561,IPHS
2562,DFS
2563,VLGEA
2564,FBHS
2565,DPZ
2566,VTR
2567,HFWA
2568,SPN
2569,PSMI
2570,ARRS
2571,YELP
2572,URG
2573,LAZ
2574,PTP
2575,QDEL
2576,ITW
2577,BECN
2578,GNTX
2579,LOPE
2580,MSL
2581,SKT
2582,SPSC
2583,SMCI
2584,EBAY
2585,USMO
2586,JAH
2587,WBMD
2588,NNI
2589,BRCM
2590,CAVM
2591,GFIG
2592,PTIE
2593,EPAY
2594,CPST
2595,IBCA
2596,CHDX
2597,PG
2598,PPBI
2599,KERX
2600,GTXI
2601,SPTN
2602,ICON
2603,CRR
2604,PNC
2605,REI
2606,ANF
2607,GOV
2608,STSI
2609,OME
2610,AVNR
2611,RIGL
2612,MMC
2613,TPC
2614,CWST
2615,NVAX
2616,CHTR
2617,LDOS
2618,MCRL
2619,LMCA
2620,CMC
2621,PDCE
2622,EXH
2623,BCOV
2624,AKAO
2625,SNV
2626,AHL
2627,CERS
2628,GLNG
2629,PPO
2630,KCLI
2631,MEI
2632,SLB
2633,HTWR
2634,VRA
2635,EL
2636,BBY
2637,MRTN
2638,PPHM
2639,GPI
2640,PLCE
2641,EQIX
2642,FFNW
2643,LPG
2644,OMEX
2645,ARO
2646,OPY
2647,UTI
2648,AHT
2649,DW
2650,CIA
2651,SLM
2652,CSLT
2653,DG
2654,PDCO
2655,QSII
2656,HBI
2657,ALNY
2658,EQR
2659,CAR
2660,HRB
2661,INCY
2662,FTNT
2663,OPWR
2664,MYCC
2665,ETFC
2666,WMAR
2667,NTLS
2668,SHLO
2669,VSTM
2670,SNDK
2671,AINV
2672,INAP
2673,CRAY
2674,ASPX
2675,NYMT
2676,LPLA
2677,PSB
2678,I
2679,MGRC
2680,BODY
2681,NWS
2682,MLHR
2683,STSA
2684,PNW
2685,DTE
2686,HSNI
2687,WIX
2688,AFFX
2689,WRLD
2690,SIVB
2691,TMP
2692,BLL
2693,RUBI
2694,CYTK
2695,SMG
2696,PFS
2697,OFIX
2698,ABAX
2699,UHAL
2700,GRMN
2701,SCHN
2702,NLSN
2703,MTRX
2704,VNDA
2705,CRUS
2706,DRI
2707,BMY
2708,CATO
2709,FCF
2710,SIF
2711,JJSF
2712,INVN
2713,WHF
2714,CLCT
2715,B
2716,EBTC
2717,CNSI
2718,KTWO
2719,EGP
2720,SANM
2721,BCRX
2722,JLL
2723,MDR
2724,CAT
2725,BEAV
2726,MOH
2727,MWA
2728,CNSL
2729,KOG
2730,BKU
2731,EVDY
2732,PLT
2733,ISIS
2734,LF
2735,OLED
2736,NUAN
2737,PCLN
2738,SBUX
2739,GEF
2740,NYLD
2741,CARB
2742,ARI
2743,DGX
2744,MTW
2745,CLX
2746,QTM
2747,DXCM
2748,ASCMA
2749,FCE_A
2750,WIBC
2751,PE
2752,TWC
2753,FELE
2754,DRH
2755,NATR
2756,IT
2757,HPT
2758,LHO
2759,VLY
2760,OKSB
2761,H
2762,ATLO
2763,HBAN
2764,OB
2765,RDC
2766,SBY
2767,WBC
2768,HPTX
2769,FRNK
2770,MNRO
2771,NOG
2772,MCGC
2773,ROIC
2774,IPGP
2775,ALE
2776,NWE
2777,ASEI
2778,CKP
2779,CPN
2780,PSTB
2781,ISBC
2782,MHK
2783,AKBA
2784,POWI
2785,BKH
2786,CUTR
2787,GLF
2788,SUNS
2789,AMAT
2790,TREE
2791,HA
2792,BAS
2793,NBBC
2794,MAN
2795,NMIH
2796,MFA
2797,HMSY
2798,CIDM
2799,TCBK
2800,HT
2801,OMC
2802,UACL
2803,UMBF
2804,EQU
2805,LFVN
2806,OPHT
2807,CPSI
2808,SPPI
2809,FCFS
2810,CTL
2811,CBT
2812,FWM
2813,CLNE
2814,ENSG
2815,STWD
2816,HGR
2817,AIT
2818,DFRG
2819,LDL
2820,EBF
2821,CWCO
2822,MKTX
2823,CB
2824,MON
2825,GSIT
2826,MRLN
2827,TAXI
2828,ROG
2829,SONS
2830,LTC
2831,APA
2832,TBNK
2833,MGLN
2834,PKT
2835,QRVO
2836,NYNY
2837,PAYX
2838,RDEN
2839,CIEN
2840,GLPW
2841,UMH
2842,SXI
2843,BAH
2844,DXYN
2845,WWAV
2846,WRI
2847,ACW
2848,BSET
2849,CASH
2850,BWINB
2851,ESS
2852,MCHX
2853,NU
2854,HOS
2855,XPO
2856,MTSC
2857,BOKF
2858,COO
2859,DCT
2860,KODK
2861,ACIW
2862,WNR
2863,ELGX
2864,GBX
2865,TROX
2866,CPT
2867,DWSN
2868,UNH
2869,GILD
2870,PMCS
2871,GPS
2872,PRTA
2873,TMUS
2874,VASC
2875,PODD
2876,MOSY
2877,MRCY
2878,ZAZA
2879,GNCMA
2880,BIG
2881,FARO
2882,LDR
2883,POST
2884,ABBV
2885,MVNR
2886,BLMN
2887,CVGI
2888,EXPD
2889,AMNB
2890,KEX
2891,EGHT
2892,UDR
2893,CSG
2894,APOG
2895,CALL
2896,ITC
2897,ITT
2898,DOW
2899,UCBI
2900,DHX
2901,AZO
2902,HCC
2903,COVS
2904,IRBT
2905,OXY
2906,PPG
2907,WOR
2908,HSY
2909,BELFB
2910,CHTP
2911,BTX
2912,MGM
2913,YORW
2914,QGEN
2915,CQB
2916,EMCI
2917,EGBN
2918,ATW
2919,FOSL
2920,THFF
2921,TOWR
2922,JWN
2923,HCA
2924,UNXL
2925,UVSP
2926,CLFD
2927,TRR
2928,CVC
2929,DVAX
2930,HD
2931,NNVC
2932,NEO
2933,SMRT
2934,SSTK
2935,VR
2936,IPCM
2937,XONE
2938,HSC
2939,AEE
2940,AGTC
2941,HBIO
2942,MNI
2943,ROL
2944,CASY
2945,TICC
2946,MRGE
2947,UFPT
2948,ISSC
2949,EVHC
2950,MENT
2951,BSX
2952,CFG
2953,AEL
2954,LGF
2955,UA_C
2956,ATO
2957,CSGS
2958,FHCO
2959,HCT
2960,RNST
2961,ASTE
2962,EVR
2963,STC
2964,PLKI
2965,CPWR
2966,ORI
2967,GHDX
2968,NOC
2969,BGC
2970,CVG
2971,NX
2972,WCN
2973,WETF
2974,SCAI
2975,GEO
2976,MKSI
2977,TRW
2978,CBB
2979,TYPE
2980,BOH
2981,ZUMZ
2982,KWR
2983,ACLS
2984,OZRK
2985,MDCA
2986,NFX
2987,YUM
2988,WCG
2989,RNG
2990,ENZ
2991,NXST
2992,UNIS
2993,SIR
2994,POR
2995,CBOE
2996,CCBG
2997,BBRG
2998,FRF
2999,CRVL
3000,CTS
3001,OGS
3002,HLSS
3003,ATMI
3004,WIFI
3005,SHLD
3006,UHS
3007,FDO
3008,HMTV
3009,LTXC
3010,PENN
3011,MBRG
3012,SMA
3013,BCPC
3014,DATA
3015,ARQL
3016,AIZ
3017,ESL
3018,GORO
3019,TIME
3020,ZEP
3021,FVE
3022,VTSS
3023,CNMD
3024,AOSL
3025,EXAM
3026,FRX
3027,IBKC
3028,RLI
3029,OCLR
3030,OKE
3031,ORIT
3032,GNC
3033,IPI
3034,TRMK
3035,HRC
3036,HIL
3037,OABC
3038,HAIN
3039,TSO
3040,DPS
3041,TDS
3042,MSEX
3043,DLR
3044,WDC
3045,RMAX
3046,KMB
3047,ENPH
3048,WEYS
3049,ACAT
3050,PEI
3051,SCM
3052,NWHM
3053,EIGI
3054,EIG
3055,LVNTA
3056,SCSC
3057,VRNG
3058,TNC
3059,HELI
3060,ECOL
3061,AWH
3062,CRS
3063,TAHO
3064,HHC
3065,PBF
3066,GPT
3067,NCI
3068,DLTR
3069,TLYS
3070,ED
3071,CAH
3072,LTS
3073,POL
3074,TAM
3075,TLMR
3076,DISCK
3077,COKE
3078,CCMP
3079,NWN
3080,NWLI
3081,PF
3082,MSTR
3083,UPIP
3084,SLGN
3085,SNBC
3086,TPX
3087,TYL
3088,PCO
3089,MNK
3090,OMED
3091,OLN
3092,INTX
3093,RGDO
3094,USB
3095,AF
3096,SWHC
3097,GAIA
3098,AMP
3099,PB
3100,BRLI
3101,EAC
3102,TRNO
3103,EXPO
3104,PAHC
3105,PATK
3106,TRMR
3107,ECL
3108,AROW
3109,NEWS
3110,GE
3111,PCH
3112,SGY
3113,CMCSA
3114,LADR
3115,SWI
3116,UA
3117,ABMD
3118,FTK
3119,NSP
3120,MXL
3121,GMAN
3122,SIGI
3123,ANAD
3124,AYI
3125,AMWD
3126,HAWK
3127,SRE
3128,MPC
3129,PRK
3130,SLH
3131,WINA
3132,SIGM
3133,EMN
3134,CMN
3135,VRTX
3136,ITCI
3137,HTCO
3138,WTR
3139,FOLD
3140,ENH
3141,SGBK
3142,BKE
3143,PIKE
3144,SNA
3145,CEVA
3146,APL
3147,THOR
3148,MFRM
3149,SMP
3150,ZAGG
3151,ROSE
3152,TEN
3153,OHI
3154,SVU
3155,ASH
3156,LPI
3157,MFLX
3158,FNLC
3159,OHRP
3160,BANC
3161,TMK
3162,RMD
3163,CHMT
3164,IR
3165,YDKN
3166,ATEC
3167,BCR
3168,FDS
3169,WMK
3170,CAS
3171,TSRA
3172,ONB
3173,STMP
3174,AVGO
3175,MO
3176,NPO
3177,CCOI
3178,THS
3179,SYMC
3180,ARAY
3181,RBCN
3182,BPZ
3183,EBIO
3184,NYT
3185,SGNT